Student ID,Location X,Location Y,Income,Achievement
0,2490,2451,42.125764636304666,83.55555555555556
1,2459,2690,55.68750428166161,46.666666666666664
2,790,610,43.48116535359029,47.11111111111111
3,642,2674,53.62528551551327,64.77777777777777
4,886,3068,51.81615950717098,46.0
5,1192,2248,77.78481735732436,83.22222222222221
6,80,2140,45.13684036238383,21.666666666666668
7,16,2621,33.325960066938855,14.444444444444443
8,3511,3230,32.1497908518658,0.8888888888888888
9,2262,3199,45.63301511487282,62.33333333333333
10,3482,2941,48.32492315934031,45.55555555555556
11,2566,3906,56.72874592517498,48.888888888888886
12,2629,3886,53.96253458470027,31.11111111111111
13,270,3666,43.528737117794385,63.11111111111111
14,1899,2694,44.98416348156626,45.111111111111114
15,1221,2973,38.55886816783961,2.888888888888889
16,1477,1407,45.46837822118294,96.44444444444444
17,788,23,56.46388839627438,97.44444444444444
18,1952,434,35.18736231759337,70.22222222222221
19,1564,2550,44.11596630478775,38.55555555555556
20,4593,2305,37.42263653801639,16.0
21,2721,3633,43.081413459240466,67.44444444444444
22,2466,1344,62.64323620198124,39.33333333333333
23,1099,97,40.244591872217505,69.77777777777779
24,3411,798,63.98277265213146,88.33333333333333
25,40,2069,36.04579576207088,24.555555555555557
26,3710,4001,45.674467516631616,44.22222222222222
27,1563,3789,39.26401158996434,19.77777777777778
28,4933,90,48.04087564691176,71.55555555555554
29,2211,765,40.90929873361203,78.44444444444446
30,2334,28,49.00128394223683,16.444444444444446
31,2157,4700,37.56990689651115,10.0
32,4768,4527,56.54451664395694,16.77777777777778
33,3286,1469,49.99555185921535,34.55555555555556
34,4191,3608,58.648199559829756,53.11111111111111
35,569,4578,50.96640771950279,97.55555555555556
36,472,2822,52.987453198398384,2.666666666666667
37,2748,2502,51.32755439632473,83.66666666666667
38,3401,2468,44.31633241472035,98.0
39,4730,4299,48.36093047356207,25.222222222222225
40,2538,4518,46.22172392974028,50.0
41,2171,547,55.26388328024,77.77777777777779
42,499,2568,65.35954268620898,6.888888888888889
43,2013,594,56.998684200159495,99.44444444444444
44,994,1723,59.586092459442895,94.33333333333334
45,1218,4841,62.983212160579015,55.00000000000001
46,2535,1773,45.68902805028009,73.77777777777777
47,1439,4164,48.05889280905487,1.4444444444444444
48,1371,3565,55.05734677980607,93.22222222222221
49,2756,1470,43.58946332175318,96.33333333333334
50,1472,23,38.02990556682061,49.888888888888886
51,4991,3223,44.01359929147809,75.22222222222223
52,1148,2829,57.21793698021109,90.88888888888889
53,2466,4619,51.18664778297538,10.666666666666668
54,526,1603,56.760011098229576,17.77777777777778
55,4808,3532,53.11443756860399,89.22222222222223
56,2356,2392,63.96822963748322,68.44444444444444
57,4722,2367,38.67162927066481,67.88888888888889
58,3979,1882,43.06631887586984,96.55555555555554
59,3759,4413,43.81322358086578,23.88888888888889
60,1193,341,56.8199004234955,56.99999999999999
61,783,4865,31.317137869856985,40.55555555555556
62,4402,3101,54.193760625347004,20.555555555555554
63,2081,3115,60.17572514199285,88.88888888888889
64,4814,4584,54.07662107814654,89.44444444444444
65,3212,879,58.31323900833889,60.44444444444444
66,4472,3746,62.01250061194702,55.888888888888886
67,4324,4147,44.14089056459428,73.44444444444444
68,4946,3941,51.40207406676822,40.11111111111111
69,989,213,44.803247835136695,83.44444444444444
70,1855,1382,48.7401093850883,37.0
71,3937,527,35.25108510993501,66.22222222222223
72,191,4900,39.563682042859966,21.555555555555557
73,2746,2805,50.119341376440566,83.77777777777777
74,525,405,54.62047208491642,91.11111111111111
75,1730,672,46.70998819413113,9.88888888888889
76,2567,4832,54.75558643674085,44.666666666666664
77,4773,174,62.94955028615967,96.66666666666667
78,4782,1774,79.98243888829688,51.0
79,2993,1396,47.8271604273641,65.66666666666666
80,804,3510,46.95945109367168,66.88888888888889
81,2191,3151,55.611586672441476,31.555555555555554
82,1839,3015,52.22510132815514,46.77777777777778
83,4514,4125,44.412067310547954,17.11111111111111
84,4411,4556,62.76869680176964,4.444444444444445
85,2008,3193,55.6897981700858,26.333333333333332
86,2894,63,46.38856728656614,18.666666666666668
87,2369,1949,50.246658918094724,92.55555555555556
88,1215,2097,47.18628257655308,46.55555555555556
89,2879,1496,56.50831293519818,28.000000000000004
90,3746,242,62.77486677190793,15.0
91,192,2579,53.29030919796451,33.0
92,3549,1167,41.05119714190274,23.444444444444446
93,661,538,50.43079986311681,51.66666666666667
94,267,3214,43.66772852346006,36.11111111111111
95,2226,2812,42.48192807417279,49.333333333333336
96,3791,3054,52.696060820395665,71.11111111111111
97,19,295,49.797051213867256,14.000000000000002
98,2158,3105,47.39932920240188,15.88888888888889
99,190,4354,50.26931776934202,30.333333333333336
100,3011,4783,61.62409640675134,6.333333333333334
101,3317,1928,56.738701861020225,47.77777777777778
102,3756,3755,50.449213079670685,87.0
103,2337,781,58.30724382715897,62.66666666666667
104,2787,2815,52.56429252741381,17.444444444444446
105,1168,4921,68.18320260092175,88.1111111111111
106,4605,4450,54.026727854969316,41.333333333333336
107,1499,1586,43.472516438496285,6.0
108,2135,127,56.952321039542994,9.777777777777779
109,452,3190,59.530309075657236,100.0
110,1105,104,52.36786561521652,39.22222222222223
111,2821,3398,46.96580550601366,58.666666666666664
112,2911,1099,40.22995462517531,65.55555555555556
113,3126,2841,41.65775069157712,47.44444444444444
114,4196,3060,54.577773217162644,17.333333333333336
115,335,2400,43.96495136792284,95.0
116,2908,3320,58.232673275690175,85.33333333333334
117,458,559,70.31476575479377,55.333333333333336
118,2767,2571,57.20689802675905,42.77777777777778
119,523,3247,40.11666236282694,22.666666666666664
120,3389,1642,50.79880974793636,9.666666666666666
121,492,1948,29.19197489894216,18.88888888888889
122,821,3597,26.788439803587945,64.33333333333333
123,1559,4661,39.31813269324822,11.555555555555555
124,3416,2285,31.766924430831903,97.22222222222221
125,2235,2371,58.05360104243543,33.77777777777778
126,3920,1310,52.60775095561735,18.0
127,4736,2661,54.42079731267464,93.0
128,4458,406,50.08797249929169,90.33333333333333
129,3599,2175,45.389824446326166,98.88888888888889
130,4117,2466,36.96922082728806,28.77777777777778
131,1664,2997,29.303628683593743,45.666666666666664
132,1818,3401,55.711042041179184,16.88888888888889
133,4232,3865,50.59277250208085,82.11111111111111
134,963,1622,51.85069576088661,59.333333333333336
135,2969,3958,66.87152337930793,61.22222222222222
136,1063,1397,67.5840354813168,34.22222222222222
137,3902,4500,50.33236230473278,90.77777777777779
138,730,4835,58.26788156880241,48.77777777777778
139,2295,1643,59.40534656264617,51.888888888888886
140,201,4835,40.68582906516528,93.33333333333333
141,3248,2939,48.286015627335296,16.11111111111111
142,398,2971,51.279578407828154,44.333333333333336
143,3398,4806,53.93573301110302,92.66666666666666
144,1199,2860,53.975979367592885,48.22222222222222
145,705,2950,71.26288960018178,40.666666666666664
146,4851,177,51.24492985833305,62.88888888888889
147,4928,2678,52.588341881214475,60.0
148,1761,599,45.270684686767275,74.33333333333333
149,194,3183,70.67455638277909,71.22222222222221
150,4455,3323,63.20803059982485,67.11111111111111
151,1760,1134,58.363734856085955,56.888888888888886
152,4974,1203,53.0280985059524,6.444444444444445
153,4200,2814,34.46564847809259,13.333333333333334
154,2602,4698,44.67084451960363,62.11111111111111
155,1292,341,47.96108084299636,10.888888888888888
156,3389,2464,39.74430406522021,34.11111111111111
157,4477,2767,39.787906561773745,21.333333333333336
158,3807,3386,53.041916510799574,62.0
159,3589,1474,54.31956429459623,50.22222222222222
160,1932,630,50.01424818802817,7.888888888888888
161,3125,4370,63.08865776070967,81.11111111111111
162,4531,4242,57.26790664948736,58.77777777777777
163,3469,4049,47.75615538552718,98.11111111111111
164,907,119,53.82573691537126,23.555555555555554
165,1567,4898,53.453590459226795,67.0
166,4709,3469,48.419626438347116,23.0
167,3162,1568,50.75883594401242,68.66666666666667
168,4074,351,51.587727028996525,91.55555555555556
169,291,1598,49.114103957156644,72.88888888888889
170,1220,1426,61.82806084881852,37.111111111111114
171,3185,4123,62.49031828854699,70.88888888888889
172,2021,4639,42.59767822375139,73.22222222222223
173,743,3701,54.05466069320127,6.555555555555556
174,3926,3674,55.56826610406903,39.111111111111114
175,329,3202,56.83471341090031,78.0
176,814,261,39.26984095496018,30.88888888888889
177,4386,2426,40.88889844123165,32.55555555555556
178,4090,1120,58.886510144506246,70.44444444444444
179,2641,798,54.37058951512095,54.22222222222223
180,1090,1146,56.892671833362556,91.88888888888889
181,1253,852,49.84111484495495,30.444444444444446
182,110,2568,41.1778264159836,52.77777777777778
183,2918,4695,43.98272995466482,16.555555555555557
184,853,3994,41.04504902024064,68.77777777777779
185,1106,1878,41.002628581649404,45.33333333333333
186,593,4120,45.37742158083389,95.55555555555556
187,1283,701,56.96380152552679,23.22222222222222
188,478,3288,45.37219666918834,57.44444444444444
189,1712,303,66.9168215460414,18.777777777777775
190,934,1219,64.07971273374824,65.22222222222223
191,4097,652,69.80881864307916,59.88888888888889
192,2222,1428,62.26029874550869,45.88888888888889
193,1876,2936,39.90570401689439,7.222222222222221
194,1237,4568,50.72565405468837,0.2222222222222222
195,1843,4813,43.610414973076104,44.111111111111114
196,3664,3109,45.84641225709089,0.7777777777777778
197,2707,4017,43.2556354987526,32.44444444444444
198,2573,3192,52.84430835907056,70.0
199,2075,998,44.54318823016599,55.666666666666664
200,2782,4160,55.193126469078734,29.333333333333332
201,3912,2606,53.06109121036002,26.77777777777778
202,3074,3426,60.09276709204684,43.22222222222222
203,754,3439,46.79570079041287,66.66666666666666
204,540,4437,46.62310512508719,41.66666666666667
205,1748,4501,35.361180794545795,26.222222222222225
206,3044,443,42.83748712976051,51.44444444444445
207,4188,562,45.022074928462814,82.0
208,719,4791,52.32889541368673,26.555555555555554
209,2973,1749,53.77848218800115,28.22222222222222
210,2798,4,58.83402808938085,71.44444444444444
211,604,802,65.7527974637856,84.22222222222221
212,1242,4082,28.03066663094429,35.22222222222222
213,845,2612,29.78235690327595,34.77777777777778
214,1346,2204,50.908653435199874,25.444444444444443
215,2051,2685,59.211522890148416,81.22222222222221
216,1347,2470,62.53878503567714,42.11111111111111
217,3853,4410,63.737098399545005,86.8888888888889
218,1869,3216,71.9614462899693,78.77777777777779
219,4182,1372,50.89334518011683,86.11111111111111
220,4302,389,63.246686289913825,90.55555555555556
221,2807,1030,57.41082076575769,57.22222222222222
222,931,1526,53.52429726832403,85.77777777777777
223,2971,3116,63.96137985732958,90.0
224,1012,423,41.024349537302434,52.0
225,907,1402,52.54416960901961,39.0
226,3027,284,55.10216239854001,98.77777777777777
227,2931,2692,50.385315536152476,61.111111111111114
228,3886,4208,40.65044549945267,91.44444444444444
229,2299,4344,50.684178038726444,23.333333333333332
230,109,4103,51.84177997473699,81.77777777777779
231,2084,505,53.174248278959446,77.44444444444444
232,3773,3685,45.172421237142636,13.666666666666666
233,4796,1932,54.95657975115025,94.44444444444444
234,1309,4005,44.79353663923,22.444444444444443
235,3686,423,46.95923871349995,80.11111111111111
236,4824,1896,60.665539935739936,21.22222222222222
237,3804,2722,51.59341040550646,4.111111111111112
238,2759,4247,53.11563522694014,28.999999999999996
239,969,947,51.73236511193389,5.0
240,196,413,43.78053892915674,5.222222222222222
241,4715,4833,65.0322059081755,0.5555555555555556
242,2025,3373,57.54448129837058,82.66666666666667
243,4660,1643,55.167510612304284,8.333333333333332
244,2819,1401,55.61154631483566,57.77777777777777
245,3926,4953,54.733646714680056,42.888888888888886
246,1871,2776,46.19089648505701,68.11111111111111
247,2534,3317,47.19592199849457,44.77777777777778
248,4482,3110,39.41739347613333,53.0
249,343,2872,38.177800878451954,18.11111111111111
250,3298,2471,48.540311910666595,83.88888888888889
251,1152,1443,42.89760631676809,71.33333333333334
252,3094,1523,50.168178454858364,66.11111111111111
253,405,3748,63.86521344820858,73.0
254,1354,3225,66.60295158398124,35.0
255,791,273,48.1556440085249,60.111111111111114
256,2017,1945,74.52894167065827,32.0
257,641,4377,49.82093811655949,50.77777777777778
258,4340,3199,47.38103316643893,72.33333333333334
259,2990,2938,63.771132178461116,62.22222222222222
260,2525,2304,50.9206127335667,39.44444444444444
261,84,2291,55.346424677325295,40.33333333333333
262,125,2260,41.65802335855964,19.88888888888889
263,4097,320,46.2294159341877,14.333333333333334
264,1076,3144,54.30930940742721,29.11111111111111
265,2195,82,62.892863731655076,35.888888888888886
266,3805,4633,41.08544700217118,12.11111111111111
267,346,4574,48.81264225701486,33.44444444444444
268,3560,4004,53.36950380439845,49.111111111111114
269,4857,4437,51.09184071302538,91.66666666666666
270,28,401,40.09900125187478,60.333333333333336
271,4452,2497,49.85101261963081,26.88888888888889
272,4503,1170,54.618929914313625,31.333333333333336
273,3841,502,43.861533058214135,86.33333333333333
274,4473,1612,52.081357175353894,64.88888888888889
275,3754,2175,46.958013341143825,23.666666666666668
276,4726,3392,43.79520400902679,52.666666666666664
277,3938,4343,47.245383118715594,4.222222222222222
278,2622,832,55.62834004677969,5.333333333333334
279,4271,3810,31.331389764033222,84.33333333333334
280,4202,75,57.40732059829416,61.77777777777778
281,621,4659,63.397896584828,59.66666666666667
282,1615,942,48.900543931011725,13.88888888888889
283,732,3914,49.334529817921506,86.77777777777777
284,1925,1608,62.56372378234492,69.66666666666667
285,4447,3730,58.48334765868384,32.77777777777778
286,4585,938,78.9789274578949,36.44444444444444
287,3717,2036,55.44005404445058,12.222222222222221
288,4028,3385,53.970961355955104,76.0
289,367,3570,56.34040214132414,54.666666666666664
290,363,3232,40.92999729582125,53.333333333333336
291,3231,2893,31.871350662765273,27.77777777777778
292,4380,4863,39.46282528895673,26.0
293,4478,2459,66.63832194766546,30.666666666666664
294,4265,1664,73.18118470030018,38.666666666666664
295,345,4043,54.005983669292206,90.22222222222223
296,3187,4921,48.58584065462327,14.222222222222221
297,2685,3310,53.22812299433545,9.333333333333334
298,3736,2531,44.68336813340073,32.88888888888889
299,3427,4261,35.1962726453626,83.11111111111111
300,727,2596,54.15279214708863,14.888888888888888
301,1013,4522,52.549327489684636,51.55555555555556
302,1135,2892,51.28660984445471,18.555555555555557
303,1009,65,41.73279847352873,40.44444444444444
304,3377,1994,45.39379857752339,72.77777777777777
305,710,1160,49.94181251797551,92.88888888888889
306,650,667,48.36301373869527,89.0
307,101,4158,39.15269721991143,9.11111111111111
308,4151,3347,49.714921265245536,36.0
309,4166,2485,57.481905175206414,28.888888888888886
310,4690,1117,69.61207211559963,98.22222222222223
311,3606,1921,47.991376541011846,96.88888888888889
312,1596,3820,36.22065849690911,73.33333333333333
313,2895,4922,38.139784577976364,42.22222222222222
314,2582,3444,25.001198357343625,80.0
315,1243,466,36.91238665604317,8.11111111111111
316,3142,3740,32.63647478897232,50.33333333333333
317,2100,1501,36.52631179614568,81.33333333333333
318,2454,1760,48.884429847509125,98.44444444444444
319,707,804,64.62646572557999,95.66666666666667
320,2236,886,52.490493882696725,22.11111111111111
321,2093,1618,45.222329430826676,99.0
322,1545,3618,52.80045315133864,68.88888888888889
323,1461,1735,35.24258505900865,71.88888888888889
324,1562,1073,41.68155276215378,68.55555555555556
325,2380,1659,55.53695548360999,89.66666666666666
326,12,4410,53.46279974908174,15.11111111111111
327,1147,3061,36.127253969205,52.55555555555556
328,567,24,53.60928742992118,97.0
329,356,2877,61.973385715132295,70.33333333333334
330,3379,2410,58.013530478922156,92.22222222222223
331,1487,3490,53.358140787367574,60.88888888888889
332,800,4795,58.69258138291561,76.55555555555556
333,753,2002,73.25977067380556,29.22222222222222
334,401,4504,74.02054879048853,92.33333333333333
335,3751,2113,59.809417868384116,50.11111111111111
336,3777,4958,52.89993598380102,1.5555555555555556
337,72,4771,45.72223102948445,77.22222222222223
338,4831,4388,59.396380017348456,51.77777777777778
339,157,3484,48.598058652389476,75.33333333333333
340,694,1884,47.59579699596531,66.77777777777779
341,4173,2547,37.36190695756694,63.0
342,3242,2,63.17458356509228,65.77777777777779
343,378,3365,67.56330607366183,20.22222222222222
344,1665,4175,58.66359933976614,56.00000000000001
345,4904,3161,58.11402065974085,78.22222222222223
346,2649,4180,61.10376427605869,12.666666666666668
347,771,476,49.69802305457219,68.0
348,3458,87,59.723397865512,46.111111111111114
349,778,4034,40.32718629553336,2.2222222222222223
350,2336,4206,35.36393144634734,79.33333333333333
351,3319,3305,54.84679389825232,2.555555555555556
352,213,189,47.378650379820265,39.77777777777778
353,3827,149,49.83626460991116,66.44444444444444
354,1020,4847,40.77542668744392,97.88888888888889
355,2001,2203,58.96353910386569,96.0
356,1284,1858,45.22951816277981,21.88888888888889
357,3078,2531,53.32302631664629,15.777777777777777
358,3158,3833,34.59607683488862,35.77777777777777
359,1800,1246,62.55652181690682,86.44444444444444
360,4928,906,31.726897017834503,25.11111111111111
361,428,4717,28.255360658886104,47.22222222222222
362,510,635,62.19660720821196,31.222222222222225
363,4531,92,41.24868532214735,67.66666666666666
364,4299,2987,53.796897832075175,65.11111111111111
365,4451,1938,59.65273904768807,53.22222222222223
366,2873,2876,35.22560608817732,73.11111111111111
367,3886,2033,19.377100187011713,11.444444444444445
368,1891,2390,35.67534698227763,13.777777777777779
369,1700,475,53.995333699591455,66.33333333333333
370,162,4376,46.461905944029844,9.222222222222221
371,750,4741,43.49700363304826,82.22222222222221
372,1692,3369,43.92944543086999,34.333333333333336
373,2717,3796,46.50763380518701,29.666666666666668
374,4333,951,52.69358408531387,29.888888888888886
375,872,2529,53.563644477195,72.55555555555556
376,3261,4105,50.74625933506768,15.666666666666668
377,879,1622,53.23678955173108,44.888888888888886
378,51,4154,49.15830891894369,69.55555555555556
379,2496,2453,34.36308844514478,95.22222222222221
380,498,3889,62.14842578902014,86.66666666666667
381,4142,2227,51.55626257103562,29.444444444444446
382,3484,403,49.95581541017589,89.77777777777777
383,2807,4409,44.125317186115225,76.88888888888889
384,2373,3410,56.94687495785998,33.88888888888889
385,1310,1360,61.50413362989724,2.111111111111111
386,2977,103,56.33718969064465,75.55555555555556
387,1293,4992,67.72738074814497,90.44444444444444
388,1950,261,82.46109942783124,99.55555555555556
389,1529,4106,65.08617477808058,72.66666666666667
390,3679,2713,42.325697162634036,38.333333333333336
391,2156,4208,53.8028033935683,85.44444444444444
392,2629,2104,37.46653533967727,78.88888888888889
393,3099,2355,32.189572739336704,5.555555555555555
394,3005,2945,38.52390347657439,86.22222222222223
395,3206,1972,29.020347254893696,4.0
396,987,581,51.49399599831001,33.111111111111114
397,1945,4295,39.387656404472686,14.555555555555555
398,1319,3292,46.46325905543734,69.22222222222221
399,4738,1530,41.43323039285676,8.222222222222223
400,2375,3492,31.01407298342421,81.55555555555556
401,3800,2907,33.25474055287973,93.66666666666667
402,3614,1034,54.633019491568305,87.55555555555556
403,3812,468,52.06345293009883,18.22222222222222
404,955,2203,54.67195008277959,53.888888888888886
405,522,3879,78.39329328327783,50.66666666666667
406,945,3976,72.60754143531334,30.22222222222222
407,4424,4564,54.4274356756497,82.88888888888889
408,4413,1280,42.90429948086852,76.66666666666667
409,3946,4991,56.62435409780082,40.0
410,1122,4908,49.941288016460945,73.66666666666667
411,3049,4694,47.339995831150645,81.66666666666667
412,4677,3157,35.501773899887155,34.44444444444444
413,3580,2379,41.81063089244105,56.333333333333336
414,3657,1099,58.308936656339185,24.11111111111111
415,766,874,22.97338787254609,23.11111111111111
416,2022,4710,48.460535374953935,77.88888888888889
417,2692,2313,45.070536998616234,49.77777777777778
418,64,3022,62.99226910984918,95.33333333333334
419,1807,714,63.37820259885922,28.555555555555557
420,2698,3434,60.646257118273795,90.66666666666666
421,431,4544,59.14992824440434,10.333333333333334
422,720,3402,66.65474181138687,67.77777777777779
423,3064,1862,50.28130388656787,1.7777777777777777
424,977,1338,42.761790369727706,79.77777777777779
425,4937,2254,53.60429670042354,20.444444444444446
426,666,622,40.48304730669971,4.333333333333334
427,2911,4667,36.02004604910111,51.11111111111111
428,746,660,38.12905396787355,79.11111111111111
429,564,4646,52.085605404953824,65.33333333333333
430,4383,1975,38.71377408574181,80.22222222222221
431,2332,3162,45.191541158317854,3.2222222222222223
432,719,4312,46.65081668044262,7.666666666666666
433,966,2805,45.87529791733336,73.55555555555556
434,1686,4015,43.68544395690454,91.0
435,196,1483,31.145900810524573,95.88888888888889
436,876,1354,35.96000593779314,35.66666666666667
437,2862,3177,45.78517362100262,39.55555555555556
438,879,2706,44.157742701476415,34.66666666666667
439,3584,4957,37.287901326709346,59.77777777777777
440,920,3182,57.53865762991271,58.22222222222222
441,4516,2326,62.76618496740596,80.66666666666666
442,814,263,40.89347620197803,48.66666666666667
443,2124,2451,46.425580244172515,88.44444444444444
444,2394,3265,49.03610006238421,3.4444444444444446
445,4969,1325,51.215617160437176,25.555555555555554
446,4487,3865,46.87101081819211,18.333333333333332
447,584,2014,51.86409916808904,34.0
448,109,959,50.18517936241449,10.444444444444445
449,3579,2088,53.330256133063706,94.0
450,1236,2370,53.611362468747366,9.444444444444445
451,1834,3462,60.56742258215157,59.44444444444444
452,2126,4614,54.217922396438055,45.22222222222222
453,626,1599,56.96320140466402,72.44444444444444
454,1183,2421,52.957704339386005,77.66666666666666
455,713,3404,41.911467707224055,64.0
456,1493,3611,47.81475122249511,81.88888888888889
457,4119,4383,44.967733704917435,69.88888888888889
458,4156,849,29.607825149548084,24.22222222222222
459,653,546,33.335399109702664,81.44444444444444
460,423,1206,42.152440982981034,54.0
461,915,4643,34.25386489379411,47.888888888888886
462,1150,2233,43.52457589397075,60.55555555555555
463,4436,3329,43.474108484294476,70.66666666666667
464,4030,4019,37.52621991899677,94.55555555555556
465,3869,1623,60.419261158750714,10.11111111111111
466,2837,3483,61.134595405276656,78.55555555555556
467,4263,1451,35.58303426360028,12.444444444444445
468,328,1673,30.07796016335845,11.222222222222221
469,522,2537,35.40676374252686,19.666666666666664
470,1876,1545,47.81891357840329,26.444444444444443
471,2394,1619,51.86155727002792,97.66666666666667
472,2471,1188,53.70947985552711,38.88888888888889
473,1412,4393,56.01420050927651,54.77777777777778
474,1900,1932,50.287885269231865,94.77777777777779
475,4799,3259,37.177697482213155,30.0
476,2682,89,57.274201912638574,88.55555555555556
477,1628,4267,66.15212906794255,50.55555555555556
478,4575,1127,55.28768224930213,38.111111111111114
479,2093,1250,51.235607611415894,3.0
480,1262,1433,64.94072471714978,59.111111111111114
481,4322,4608,58.753871636889414,63.77777777777778
482,2847,4482,44.198592541148585,74.11111111111111
483,3786,338,67.30005173040108,65.88888888888889
484,1662,1574,60.98717371264755,27.88888888888889
485,4089,3510,48.71730997499046,88.0
486,789,4150,44.126056804289334,21.777777777777775
487,1676,1161,48.87749481638069,87.8888888888889
488,717,2134,61.9880715455186,49.44444444444444
489,1782,4977,52.36615763785629,55.55555555555556
490,773,2096,42.84806696840235,98.66666666666667
491,1670,4866,56.747417175456164,1.3333333333333335
492,1708,3904,52.09096780857357,92.77777777777779
493,1684,441,49.741207059102145,67.33333333333333
494,474,2827,47.295555967583056,53.77777777777778
495,1353,74,49.203586708523446,24.0
496,562,4959,51.967818141042464,96.11111111111111
497,4630,934,52.70717417899996,60.22222222222222
498,4377,2304,48.34731071228285,73.88888888888889
499,4521,3196,32.64529466734423,1.0
500,2460,805,42.80016093960238,84.0
501,1528,1379,60.12520420537826,25.666666666666664
502,4576,3166,51.04971121566175,0.33333333333333337
503,4924,809,47.035950643380545,59.22222222222222
504,2215,2266,46.120901444625524,0.1111111111111111
505,2615,3764,66.59301694775155,79.88888888888889
506,2088,1146,54.79783745301092,69.33333333333334
507,2910,499,61.495272247262555,97.77777777777777
508,4588,3894,71.88283330340957,49.0
509,1219,4508,71.7388997499334,69.11111111111111
510,1809,2215,58.175513463126336,94.66666666666667
511,3323,1621,38.59141963183407,6.777777777777779
512,630,4246,32.170911203354294,37.888888888888886
513,4102,3151,46.78812802198495,68.22222222222221
514,3027,4062,41.27333401568934,85.22222222222223
515,681,3096,45.53890051276512,42.66666666666667
516,4855,2874,47.33902275731171,57.111111111111114
517,690,619,54.23225081842171,64.66666666666666
518,1683,3465,34.03652985208884,60.66666666666667
519,235,690,46.28432505648365,37.666666666666664
520,4783,313,40.16848190313022,47.0
521,1761,1535,38.313205526733384,1.2222222222222223
522,1578,63,55.10635577276055,75.66666666666667
523,1412,4498,55.27711615263718,28.111111111111107
524,1539,2554,46.551988948335406,56.44444444444444
525,3413,2573,53.03519432086524,20.88888888888889
526,2489,4931,40.53487703414545,96.22222222222221
527,2749,2884,56.11544081652563,25.0
528,1845,1119,61.626413099372705,28.444444444444443
529,391,717,51.33378442293495,15.444444444444445
530,2173,1136,54.67980744920279,64.11111111111111
531,2092,440,39.9027896845692,44.0
532,1184,2786,53.89345310984208,27.444444444444443
533,2309,289,44.875228765175294,43.666666666666664
534,2563,2562,50.749924198151135,55.77777777777778
535,2934,4920,51.14589823308932,89.88888888888889
536,4442,3922,49.024860626458256,28.333333333333332
537,1750,283,60.86405170165021,90.11111111111111
538,1989,2770,50.68917792073201,53.44444444444445
539,4602,2655,52.41836375564003,71.77777777777777
540,114,1601,40.095982577143744,47.66666666666667
541,1537,661,30.356353453979867,7.333333333333333
542,1528,3045,38.84133577340395,42.44444444444444
543,4050,4300,45.4984939765864,8.88888888888889
544,1504,460,46.7128679565367,79.66666666666666
545,743,1317,63.19572094566948,84.66666666666667
546,483,781,70.49967729672767,82.55555555555556
547,2795,2401,55.27471127194715,99.8888888888889
548,1663,4126,46.11146919352927,77.0
549,3025,1266,59.82135129847412,36.22222222222222
550,3812,3190,50.71105167743893,54.888888888888886
551,978,4905,56.49143059864151,71.0
552,1088,1782,66.2086975253951,27.555555555555557
553,3356,2732,52.611565190799126,82.77777777777777
554,3914,4489,61.01044238873682,30.555555555555557
555,204,147,64.7945234294443,6.222222222222222
556,311,1941,60.806052634404445,54.44444444444444
557,648,3740,53.74199630742769,13.0
558,4373,44,51.11487520313564,74.44444444444444
559,329,2194,51.471066380018065,5.888888888888888
560,2184,1511,54.53626193594793,56.222222222222214
561,2340,4240,37.46345744224834,43.44444444444445
562,3632,1629,52.62300273898366,83.0
563,4155,1211,54.78397337488607,20.0
564,1689,2360,50.17623669837212,89.33333333333333
565,1004,3686,50.91274067093924,58.111111111111114
566,55,1328,52.36815180317721,41.55555555555556
567,3623,2645,42.648953914385686,97.11111111111111
568,1482,3354,32.40252265250099,34.88888888888889
569,820,1599,44.35596163892162,11.777777777777777
570,4673,4441,48.71483337107434,33.666666666666664
571,2572,3604,51.08346711361648,45.0
572,343,1216,68.46551635248304,70.11111111111111
573,4247,1773,63.438448201739284,40.22222222222222
574,4302,530,54.85135160045975,5.666666666666666
575,3976,1997,56.918587438983366,4.777777777777778
576,4185,4548,56.30613490411274,8.555555555555555
577,1486,32,56.32085341775266,63.66666666666667
578,3454,1367,52.315093621708634,35.11111111111111
579,3666,2777,61.46709552873642,61.44444444444444
580,2822,2615,56.10470117406372,22.22222222222222
581,2161,521,45.6495910438862,16.22222222222222
582,1784,1466,42.27872317371882,43.333333333333336
583,1265,3865,47.39437551839165,20.11111111111111
584,1404,4480,51.04778702734876,22.333333333333332
585,1234,3694,56.572482124018336,92.44444444444444
586,3793,3539,54.222578518771996,17.888888888888886
587,2409,2457,51.58233422560347,5.111111111111112
588,2445,2044,41.612528591767436,27.111111111111114
589,4318,4273,40.947424542830085,86.0
590,3966,1415,26.464741106972504,52.11111111111111
591,4527,4161,46.97466143179123,83.33333333333334
592,1286,4233,58.69257019817012,98.55555555555556
593,4588,4905,61.46385148477814,12.333333333333334
594,2725,2665,72.76649737698915,27.666666666666668
595,4830,1,53.10743566844786,97.33333333333334
596,531,1962,70.6391268953241,42.55555555555556
597,3851,2750,66.01222117295521,49.666666666666664
598,4092,2399,66.0622353625446,61.88888888888889
599,3022,4117,63.10993852310256,30.777777777777775
600,1262,1942,67.19270293504154,93.55555555555556
601,4919,4980,56.75070250587277,19.555555555555557
602,1146,2579,51.22619036199234,29.777777777777775
603,3591,853,52.80252949620754,27.22222222222222
604,1315,1621,62.74297109472915,25.77777777777778
605,4200,4505,54.4152533422691,32.33333333333333
606,4233,1210,31.38119222655301,35.55555555555556
607,4329,459,38.493967556380824,11.333333333333332
608,360,1754,28.910225537808433,94.22222222222221
609,1180,3451,49.35514924306795,69.44444444444444
610,4706,187,63.0380890818919,7.444444444444444
611,2514,4466,52.889728402779035,3.7777777777777777
612,2880,1128,37.59078043138899,42.333333333333336
613,2373,587,38.18677951828029,3.111111111111111
614,1122,1406,52.07366089523836,6.111111111111111
615,535,1192,52.437897395356416,22.77777777777778
616,1124,4294,44.118573637792736,18.444444444444443
617,882,2601,52.933901227431754,74.77777777777777
618,3090,705,61.93916826924943,81.0
619,2017,2940,45.863171308542576,19.333333333333332
620,3578,2019,42.02034667463594,43.55555555555555
621,2575,1850,38.34506749268411,3.6666666666666665
622,2760,4490,60.60511814339986,20.333333333333332
623,3503,1175,56.15738840190062,75.77777777777777
624,6,4753,46.63179157877875,24.333333333333336
625,1888,553,44.35928180075124,22.0
626,2051,4504,54.080806530225146,60.77777777777777
627,1399,1521,39.46596962617356,33.33333333333333
628,2130,273,33.27460685764095,87.77777777777777
629,3793,4305,36.345489118719755,61.0
630,887,4429,46.95882907170367,37.333333333333336
631,1691,2065,43.25942016994202,37.55555555555555
632,1613,4242,29.520621404268603,55.222222222222214
633,4867,4110,39.3776793571927,41.77777777777778
634,3533,173,51.61482224971372,57.55555555555556
635,631,2627,48.34559553759102,48.11111111111111
636,4159,3224,33.51468628001241,63.22222222222222
637,2705,4268,35.449995122174045,26.111111111111114
638,2806,1395,26.881562046957253,32.666666666666664
639,3085,220,31.470154851562235,8.444444444444445
640,996,3055,46.48761790942947,16.333333333333332
641,1037,4377,47.54857805946854,31.77777777777778
642,3327,2024,45.71888117050652,67.22222222222223
643,3654,2184,44.68030251805623,4.555555555555555
644,4358,4274,47.70100394351655,17.666666666666668
645,1000,3778,60.92157283477634,24.88888888888889
646,3373,92,53.52088189095882,70.55555555555556
647,1753,4937,49.106640337321025,85.66666666666667
648,2256,1379,36.879907631413865,64.55555555555556
649,4376,2979,35.25378188605366,40.88888888888889
650,673,2330,48.45265065041978,51.22222222222222
651,2390,4326,58.927600702458065,89.55555555555556
652,996,214,45.89948428996312,32.111111111111114
653,170,3928,62.77349836574158,4.666666666666667
654,4753,4198,33.19540066765561,25.333333333333336
655,125,4612,44.887449881395646,63.44444444444445
656,4267,2608,39.587179273024,52.33333333333333
657,4338,1408,42.22470296746327,48.44444444444444
658,4317,775,41.51095321641332,27.0
659,2608,2143,50.653223864108135,20.666666666666668
660,3269,1929,48.81989547722469,41.44444444444444
661,3525,1568,53.571679115164194,48.0
662,3517,3553,71.17185987156309,56.777777777777786
663,1989,1859,63.57522583527965,15.222222222222223
664,4507,1710,59.88770953095387,94.88888888888889
665,2687,4216,48.80405736670147,65.44444444444444
666,4747,3468,49.931531136827616,19.11111111111111
667,602,1226,58.668047041054784,77.33333333333333
668,52,3656,53.5140463774877,77.11111111111111
669,4990,2073,52.181714708343044,93.77777777777779
670,2892,139,31.977817423734002,99.66666666666667
671,1913,391,32.42802909723295,17.0
672,2173,338,54.27524761690479,75.1111111111111
673,3963,332,43.11610484502968,19.0
674,3296,3244,46.37830041394905,63.33333333333333
675,2943,4372,57.43760580663093,85.11111111111111
676,207,518,55.1876377968468,74.22222222222223
677,401,992,54.29964119928814,76.33333333333333
678,2505,1512,44.609893960216944,84.77777777777777
679,2561,2233,48.52633724898997,22.555555555555557
680,4483,817,46.237556452340485,75.88888888888889
681,2931,3236,55.491284695778404,36.888888888888886
682,2728,3883,54.900238026893696,61.55555555555555
683,657,628,42.329235889750905,8.777777777777777
684,3168,2577,44.38040890797356,43.111111111111114
685,2314,479,41.2650596904432,99.11111111111111
686,3544,2519,31.819718568001853,13.111111111111112
687,2572,3815,51.666830633545175,74.55555555555556
688,335,2351,56.84660552924581,88.66666666666667
689,3552,3594,54.661353619673044,72.22222222222221
690,2124,4607,58.744764366151536,46.88888888888889
691,3286,129,55.106691990021524,43.0
692,1939,2135,60.74149367766597,72.0
693,3272,325,56.70523897343282,57.333333333333336
694,2219,2846,62.19982217742492,79.22222222222223
695,904,2199,46.6386417491621,58.333333333333336
696,1660,890,48.31553898792978,78.33333333333333
697,3908,2479,50.84006994456058,76.11111111111111
698,2123,539,49.63761762497253,62.55555555555555
699,4342,3112,68.85601107038005,49.22222222222222
700,1676,2531,42.29366151138968,74.66666666666667
701,2152,4691,34.43237403110562,11.666666666666666
702,2043,4540,51.04324514264869,0.4444444444444444
703,1310,4900,38.311755078991425,43.77777777777778
704,2346,2219,58.21315605459309,32.22222222222222
705,2174,1855,49.45257882030053,14.666666666666666
706,2046,1293,48.59490131108465,92.0
707,3051,1158,35.477110445942,75.44444444444444
708,3218,4201,35.22633529919446,84.44444444444444
709,32,4628,52.09146329059317,98.33333333333333
710,3307,2551,42.17974364115112,47.55555555555556
711,4674,3598,41.11031388598748,87.1111111111111
712,1367,147,67.31830625177577,16.666666666666664
713,4313,3923,49.449184353289404,38.0
714,3657,4663,52.262398442094,44.55555555555556
715,3224,1919,50.597934202875194,93.11111111111111
716,872,2318,45.739612699922574,17.555555555555554
717,23,3059,58.67740303593395,95.44444444444444
718,364,4987,43.957564150215156,52.22222222222223
719,58,631,54.041318026056985,46.44444444444444
720,4417,1370,42.53045292667185,3.888888888888889
721,1594,1369,57.028641734667964,45.77777777777778
722,2880,1830,41.21200624186708,87.22222222222223
723,305,626,57.14729347533884,80.77777777777779
724,4107,1455,60.312816686211676,48.333333333333336
725,4398,1096,56.07477445838612,71.66666666666667
726,1429,4067,65.8114864113581,87.33333333333333
727,1163,3350,66.4320351214191,93.88888888888889
728,4484,2828,39.22428399754534,21.444444444444443
729,4745,1150,37.766309874029076,75.0
730,1777,2172,45.86847730346219,7.777777777777778
731,4171,2958,64.95768144489935,84.11111111111111
732,2295,3534,54.371953733744,12.0
733,830,765,53.26115098231513,61.66666666666667
734,4693,540,30.624847984799807,14.777777777777779
735,3955,674,56.904284202496186,1.8888888888888888
736,2443,4581,61.96121359936839,36.333333333333336
737,1664,4712,52.135425211558385,74.8888888888889
738,440,1473,46.91287131340492,99.33333333333333
739,2623,4735,50.91761083315455,27.333333333333332
740,3310,2783,45.44813692555351,80.44444444444444
741,4378,3867,54.91764610948436,61.33333333333333
742,2606,879,46.59422547636693,84.88888888888889
743,1262,1937,44.14497261297427,51.33333333333333
744,1550,847,63.412145808671696,53.55555555555556
745,3657,1651,59.992958795940325,88.22222222222223
746,2442,1259,43.40941452568419,10.222222222222223
747,44,2726,37.81462652162452,53.666666666666664
748,3666,2764,31.3939313543694,43.888888888888886
749,2155,3684,62.42473608040787,7.555555555555555
750,3350,3478,46.12260988191153,41.0
751,504,2939,59.908196410073074,5.444444444444444
752,3908,1137,43.310824230474644,2.3333333333333335
753,2632,3705,42.00340020514154,4.888888888888889
754,901,430,18.86520501161342,15.333333333333332
755,1473,4553,43.12128572574791,38.77777777777778
756,1342,3155,51.96734761282408,2.0
757,3824,838,51.63655282866977,41.888888888888886
758,4307,2379,63.70960450642718,13.444444444444445
759,2063,319,55.751792222615755,80.55555555555556
760,1895,1246,38.03558312192378,49.55555555555556
761,480,3110,48.768419004159554,20.77777777777778
762,3539,1496,33.14184539228219,3.5555555555555554
763,669,3920,59.72916785087093,62.77777777777778
764,4553,255,50.01404866461954,12.88888888888889
765,2018,410,57.66188906318082,74.0
766,1380,1624,50.79714302783076,76.22222222222223
767,3510,4736,48.78590687000468,52.888888888888886
768,4772,4339,43.63582747543487,66.55555555555556
769,2560,434,51.90188838490468,3.3333333333333335
770,1296,3202,64.4919275923206,67.55555555555556
771,2750,2501,51.44344562458201,79.55555555555556
772,2297,1355,60.50243629475654,56.55555555555556
773,4767,4751,62.26723868235224,58.55555555555556
774,4290,4391,66.74990786934953,42.0
775,710,2973,43.417576409889676,50.44444444444445
776,3927,845,35.811910369503984,9.555555555555555
777,4981,3455,49.11046381118304,80.88888888888889
778,4212,3158,50.38259689958584,17.22222222222222
779,4954,288,62.34922859749904,63.55555555555556
780,2694,3709,59.97517071978379,63.888888888888886
781,3521,4204,66.96201500590905,38.22222222222222
782,4403,3135,55.04712047580794,46.22222222222222
783,3767,3867,40.838046657107206,33.55555555555556
784,3898,4124,53.09309636506663,1.6666666666666667
785,4510,1170,51.98041827229304,25.88888888888889
786,3910,4835,57.83889676915303,85.88888888888889
787,687,1066,68.73802312860019,65.0
788,3248,799,58.57485497617429,87.44444444444444
789,1718,1300,62.28622052464149,79.0
790,2079,1715,60.322451489709266,36.77777777777778
791,4689,279,43.86810495348795,85.55555555555556
792,2950,2841,57.68322147791501,36.666666666666664
793,4270,3408,45.3062452282996,66.0
794,1506,3527,58.88498327510699,54.333333333333336
795,3951,3913,43.76589959284112,19.22222222222222
796,1330,4969,52.327778276681784,85.0
797,2581,2848,54.93409936142252,15.555555555555555
798,4570,740,46.46365223235884,69.0
799,376,2740,44.59479894978586,39.88888888888889
800,4323,1044,34.854768498298014,82.33333333333334
801,3159,2634,34.893766279514836,5.777777777777778
802,2390,4340,52.672762286942294,72.11111111111111
803,2645,3608,35.54069160912316,28.666666666666668
804,3732,1734,46.37421565779262,24.77777777777778
805,4062,3270,40.11315609823643,40.77777777777778
806,3972,4501,54.25441737325378,99.22222222222223
807,3432,49,66.02605843466094,10.555555555555555
808,2652,4877,70.24141196957189,19.444444444444446
809,3051,1019,57.172276310332286,2.4444444444444446
810,4826,634,56.53784806698133,48.55555555555556
811,2935,4958,54.60431494560552,82.44444444444444
812,2625,2870,45.56409283315355,80.33333333333333
813,258,3592,48.06429176224031,21.0
814,4129,3816,45.13956893732812,33.22222222222222
815,3625,1473,52.76786925653251,1.1111111111111112
816,2454,3466,58.790401454247935,24.444444444444443
817,3134,819,59.620417140524914,39.666666666666664
818,3453,2914,61.20283164670538,99.77777777777777
819,4656,1506,56.46744154583067,41.22222222222222
820,2223,2659,66.68814570603936,91.77777777777779
821,235,652,58.494399973010125,95.11111111111111
822,4151,1350,68.05378798115619,35.333333333333336
823,2955,3536,54.06983472136886,76.44444444444444
824,1636,3066,41.82827999865792,52.44444444444445
825,541,435,50.32030134112913,11.88888888888889
826,2439,1383,52.25223763068881,91.22222222222223
827,4358,4868,59.56841405226961,54.55555555555556
828,3808,243,40.91030220331205,31.0
829,4572,337,46.417708971809226,59.0
830,1394,872,63.00102684265376,35.44444444444444
831,741,1016,49.55805902797769,50.888888888888886
832,3020,647,51.87634873347372,13.555555555555557
833,562,1158,36.59089668050317,9.0
834,4211,548,46.7616574252872,95.77777777777777
835,4691,4577,61.31679901036673,37.44444444444445
836,3844,1550,45.40858962716233,7.000000000000001
837,914,4947,43.343180951266035,38.44444444444444
838,3434,92,59.21429272734736,36.55555555555556
839,1740,56,33.31326169300178,77.55555555555556
840,2080,3772,30.847574890824035,84.55555555555556
841,1458,2399,43.59678597058625,21.11111111111111
842,4621,4723,40.404555049433526,31.88888888888889
843,1475,752,37.6779060948435,11.0
844,76,406,48.15177490889532,70.77777777777777
845,1703,3651,46.21804781671474,30.11111111111111
846,1750,1914,44.67967061621542,6.666666666666667
847,3199,2966,39.388518332254726,54.11111111111111
848,4491,4623,50.474614625433965,37.77777777777778
849,428,2180,46.57873819953425,88.77777777777777
850,3575,1548,50.984781255205014,2.7777777777777777
851,2976,3176,56.50087210519461,93.44444444444444
852,1512,2333,46.1241224540099,0.6666666666666667
853,2400,3859,44.6188110364336,55.44444444444444
854,3723,2933,39.59134230939145,89.11111111111111
855,4661,1240,44.92600239428559,31.666666666666664
856,2266,1125,54.06005223867896,23.77777777777778
857,4291,4090,64.56124604028354,58.44444444444444
858,1867,3825,55.69182679032349,78.66666666666666
859,3773,1098,61.13856043734177,64.22222222222223
860,3789,4921,63.708672319817325,47.333333333333336
861,2151,1275,68.84418315237507,57.99999999999999
862,458,2896,70.18254172374553,22.88888888888889
863,1182,3441,51.26315354910659,24.666666666666668
864,4419,346,47.369153366659035,10.777777777777779
865,3388,4540,68.3178499025418,86.55555555555556
866,2969,169,39.42751005714774,8.666666666666668
867,3852,2470,43.21385861812414,58.88888888888889
868,1217,2172,53.22791941959814,44.44444444444444
869,3884,455,40.12221704280057,31.444444444444446
870,100,1306,37.726965908876174,29.555555555555557
871,4980,2289,45.96465936483989,59.55555555555555
872,4122,4733,63.93654744626156,7.111111111111111
873,4134,453,55.59654535566054,37.22222222222222
874,743,541,54.97693799748303,57.666666666666664
875,3585,4530,51.69921484815847,91.33333333333333
876,1514,2649,55.171915911992386,64.44444444444444
877,205,1481,44.57870739621174,26.666666666666668
878,4089,4098,46.587743114411715,41.11111111111111
879,1774,3957,40.865223628473984,68.33333333333333
880,3494,4430,55.103186499218715,62.44444444444445
881,1478,2302,57.10668019506923,55.111111111111114
882,1079,1437,52.76765480394739,46.33333333333333
883,4972,3839,41.742077513046674,76.77777777777777
884,86,4204,32.00666958992819,11.11111111111111
885,2840,1401,62.8523254979183,12.777777777777777
886,3946,3080,29.006467101008127,87.66666666666667
887,3213,407,34.674366535278935,14.11111111111111
888,2001,1277,34.39824712361255,8.0
889,4440,485,56.57044308041422,56.666666666666664
890,4454,3315,37.53820020635006,13.222222222222221
891,4872,1683,43.5669732608709,12.555555555555555
892,2973,3798,43.26358964654037,96.77777777777777
893,3986,195,34.243023858458336,78.11111111111111
894,2544,2745,25.530989145764337,57.88888888888889
895,2267,335,37.93546725541632,56.111111111111114
896,24,2006,48.61626934435782,45.44444444444444
897,640,760,50.83290629366091,94.11111111111111
898,4471,2933,53.89889700193453,92.11111111111111
899,2948,502,45.18235143866781,79.44444444444444
